Workbook

Sheet Legend & Baseline
A1: Enterprise Growth Simulator — KPI Numeric Model
A3: Magnitude legend (used throughout Choice Effects and Delayed Effects)
A4: Label | B4: Point value
A5: small | B5: 5
A6: medium | B6: 10
A7: large | B7: 15
A8: All KPIs are 0-100. Values clamp at those bounds — a formula that would push a KPI below 0 or above 100 is capped.
A9: Live headline trio during play: Revenue Growth, Decision Velocity, Enterprise Friction. All others surface only in the closing report.
A11: Q1 baseline values (before any choice is applied)
A12: KPI | B12: Baseline value
A13: Revenue Growth | B13: 55
A14: Cash | B14: 70
A15: Employee Experience | B15: 55
A16: Customer Experience | B16: 60
A17: Compliance | B17: 50
A18: Baseline Enterprise Friction drift per quarter (independent of choices) | D18: 3
A19: Represents that some friction is inevitable at this scale, even under good management — even a disciplined playthrough should end with some friction, just less than a reckless one.
A20: Enterprise Friction | B20: 35
A22: Baseline values are a first estimate — a mid-scale, already-capable but strained enterprise. Adjust freely; the Simulator sheet recalculates automatically.
A24: How to use the Simulator tab: type a choice letter (A-D) for each quarter in the blue cells, and watch the 8 KPIs update quarter by quarter, including delayed effects landing automatically.

Sheet Choice Effects
A1: Quarter | B1: Choice | C1: Revenue Growth | D1: Cash | E1: Employee Experience | F1: Customer Experience | G1: Compliance | H1: Innovation | I1: Decision Velocity | J1: Enterprise Friction | K1: PriorityScore
A2: 1 | B2: A | C2: 0 | D2: -10 | E2: 0 | F2: 0 | G2: 0 | H2: 0 | I2: 10 | J2: -5 | K2: =(-J2*1E+024)+(D2*1E+021)+(C2*1E+018)+(F2*1000000000000000)+(I2*1000000000000)+(H2*1000000000)+(G2*1000000)+(E2*1000)+(IF($B2="A",0.4,IF($B2="B",0.3,IF($B2="C",0.2,0.1)))) -> 4.99e+24
A3: 1 | B3: B | C3: 0 | D3: 0 | E3: 0 | F3: 0 | G3: -5 | H3: 0 | I3: 15 | J3: 5 | K3: =(-J3*1E+024)+(D3*1E+021)+(C3*1E+018)+(F3*1000000000000000)+(I3*1000000000000)+(H3*1000000000)+(G3*1000000)+(E3*1000)+(IF($B3="A",0.4,IF($B3="B",0.3,IF($B3="C",0.2,0.1)))) -> -5e+24
A4: 1 | B4: C | C4: -5 | D4: 0 | E4: 0 | F4: 0 | G4: 0 | H4: 0 | I4: 0 | J4: -10 | K4: =(-J4*1E+024)+(D4*1E+021)+(C4*1E+018)+(F4*1000000000000000)+(I4*1000000000000)+(H4*1000000000)+(G4*1000000)+(E4*1000)+(IF($B4="A",0.4,IF($B4="B",0.3,IF($B4="C",0.2,0.1)))) -> 9.999995e+24
A5: 1 | B5: D | C5: 5 | D5: -10 | E5: 0 | F5: 0 | G5: 0 | H5: 0 | I5: 0 | J5: 5 | K5: =(-J5*1E+024)+(D5*1E+021)+(C5*1E+018)+(F5*1000000000000000)+(I5*1000000000000)+(H5*1000000000)+(G5*1000000)+(E5*1000)+(IF($B5="A",0.4,IF($B5="B",0.3,IF($B5="C",0.2,0.1)))) -> -5.009995e+24
A6: 2 | B6: A | C6: 10 | D6: -10 | E6: 0 | F6: 0 | G6: 10 | H6: 0 | I6: 0 | J6: 0 | K6: =(-J6*1E+024)+(D6*1E+021)+(C6*1E+018)+(F6*1000000000000000)+(I6*1000000000000)+(H6*1000000000)+(G6*1000000)+(E6*1000)+(IF($B6="A",0.4,IF($B6="B",0.3,IF($B6="C",0.2,0.1)))) -> -9.99e+21
A7: 2 | B7: B | C7: -15 | D7: 0 | E7: 0 | F7: 0 | G7: 10 | H7: 0 | I7: 0 | J7: 0 | K7: =(-J7*1E+024)+(D7*1E+021)+(C7*1E+018)+(F7*1000000000000000)+(I7*1000000000000)+(H7*1000000000)+(G7*1000000)+(E7*1000)+(IF($B7="A",0.4,IF($B7="B",0.3,IF($B7="C",0.2,0.1)))) -> -1.5e+19
A8: 2 | B8: C | C8: 0 | D8: 0 | E8: 0 | F8: 0 | G8: 15 | H8: 0 | I8: -10 | J8: 0 | K8: =(-J8*1E+024)+(D8*1E+021)+(C8*1E+018)+(F8*1000000000000000)+(I8*1000000000000)+(H8*1000000000)+(G8*1000000)+(E8*1000)+(IF($B8="A",0.4,IF($B8="B",0.3,IF($B8="C",0.2,0.1)))) -> -9.999985e+12
A9: 2 | B9: D | C9: 5 | D9: 0 | E9: 0 | F9: 0 | G9: 10 | H9: 0 | I9: 0 | J9: -5 | K9: =(-J9*1E+024)+(D9*1E+021)+(C9*1E+018)+(F9*1000000000000000)+(I9*1000000000000)+(H9*1000000000)+(G9*1000000)+(E9*1000)+(IF($B9="A",0.4,IF($B9="B",0.3,IF($B9="C",0.2,0.1)))) -> 5.000005e+24
A10: 3 | B10: A | C10: 15 | D10: -15 | E10: 0 | F10: 0 | G10: 0 | H10: 0 | I10: 0 | J10: 10 | K10: =(-J10*1E+024)+(D10*1E+021)+(C10*1E+018)+(F10*1000000000000000)+(I10*1000000000000)+(H10*1000000000)+(G10*1000000)+(E10*1000)+(IF($B10="A",0.4,IF($B10="B",0.3,IF($B10="C",0.2,0.1)))) -> -1.0014985e+25
A11: 3 | B11: B | C11: 5 | D11: 0 | E11: 0 | F11: 0 | G11: -10 | H11: 0 | I11: 0 | J11: 0 | K11: =(-J11*1E+024)+(D11*1E+021)+(C11*1E+018)+(F11*1000000000000000)+(I11*1000000000000)+(H11*1000000000)+(G11*1000000)+(E11*1000)+(IF($B11="A",0.4,IF($B11="B",0.3,IF($B11="C",0.2,0.1)))) -> 5e+18
A12: 3 | B12: C | C12: 10 | D12: -5 | E12: 0 | F12: 0 | G12: 0 | H12: 0 | I12: -5 | J12: 0 | K12: =(-J12*1E+024)+(D12*1E+021)+(C12*1E+018)+(F12*1000000000000000)+(I12*1000000000000)+(H12*1000000000)+(G12*1000000)+(E12*1000)+(IF($B12="A",0.4,IF($B12="B",0.3,IF($B12="C",0.2,0.1)))) -> -4.99e+21
A13: 3 | B13: D | C13: -10 | D13: 0 | E13: 0 | F13: 0 | G13: 0 | H13: 0 | I13: 0 | J13: -5 | K13: =(-J13*1E+024)+(D13*1E+021)+(C13*1E+018)+(F13*1000000000000000)+(I13*1000000000000)+(H13*1000000000)+(G13*1000000)+(E13*1000)+(IF($B13="A",0.4,IF($B13="B",0.3,IF($B13="C",0.2,0.1)))) -> 4.99999e+24
... A33: 8 | B33: D | C33: 0 | D33: -10 | E33: 0 | F33: 10 | G33: 0 | H33: 0 | I33: 0 | J33: -5 | K33: =(-J33*1E+024)+(D33*1E+021)+(C33*1E+018)+(F33*1000000000000000)+(I33*1000000000000)+(H33*1000000000)+(G33*1000000)+(E33*1000)+(IF($B33="A",0.4,IF($B33="B",0.3,IF($B33="C",0.2,0.1)))) -> 4.99e+24

Sheet Delayed Effects
A1: LinkID | B1: OriginQuarter | C1: OriginChoice | D1: TargetQuarter | E1: KPI | F1: Delta | G1: OriginPickMatches | H1: Note
A2: 1 | B2: 1 | C2: A | D2: 2 | E2: Comp | F2: 5 | G2: =INDEX(Simulator!$B$3:$B$10,B2)=C2 -> TRUE | H2: Q1->Q2: clean approvals trail
A3: 2 | B3: 1 | C3: C | D3: 2 | E3: Comp | F3: 5 | G3: =INDEX(Simulator!$B$3:$B$10,B3)=C3 -> FALSE | H3: Q1->Q2: clean approvals trail
A4: 3 | B4: 1 | C4: B | D4: 2 | E4: Comp | F4: -5 | G4: =INDEX(Simulator!$B$3:$B$10,B4)=C4 -> FALSE | H4: Q1->Q2: informal approvals leave gaps
A5: 4 | B5: 1 | C5: B | D5: 2 | E5: EF | F5: 5 | G5: =INDEX(Simulator!$B$3:$B$10,B5)=C5 -> FALSE | H5: Q1->Q2: informal approvals leave gaps
A6: 5 | B6: 1 | C6: D | D6: 2 | E6: Comp | F6: -5 | G6: =INDEX(Simulator!$B$3:$B$10,B6)=C6 -> FALSE | H6: Q1->Q2: external surge team unfamiliar with governance
A7: 6 | B7: 1 | C7: D | D7: 2 | E7: EF | F7: 5 | G7: =INDEX(Simulator!$B$3:$B$10,B7)=C7 -> FALSE | H7: Q1->Q2: external surge team unfamiliar with governance
A8: 7 | B8: 2 | C8: A | D8: 5 | E8: Comp | F8: 10 | G8: =INDEX(Simulator!$B$3:$B$10,B8)=C8 -> TRUE | H8: Q2->Q5: governance ground covered eases e-invoicing
A9: 8 | B9: 2 | C9: C | D9: 5 | E9: Comp | F9: 10 | G9: =INDEX(Simulator!$B$3:$B$10,B9)=C9 -> FALSE | H9: Q2->Q5: governance ground covered eases e-invoicing
A10: 9 | B10: 2 | C10: A | D10: 5 | E10: EF | F10: -5 | G10: =INDEX(Simulator!$B$3:$B$10,B10)=C10 -> TRUE | H10: Q2->Q5: governance ground covered eases e-invoicing
A11: 10 | B11: 2 | C11: C | D11: 5 | E11: EF | F11: -5 | G11: =INDEX(Simulator!$B$3:$B$10,B11)=C11 -> FALSE | H11: Q2->Q5: governance ground covered eases e-invoicing
A12: 11 | B12: 2 | C12: D | D12: 5 | E12: Comp | F12: 5 | G12: =INDEX(Simulator!$B$3:$B$10,B12)=C12 -> FALSE | H12: Q2->Q5: partial ground covered
A13: 12 | B13: 2 | C13: B | D13: 5 | E13: Comp | F13: -5 | G13: =INDEX(Simulator!$B$3:$B$10,B13)=C13 -> FALSE | H13: Q2->Q5: no governance work done, missed the cycle
... A31: 30 | B31: 7 | C31: D | D31: 8 | E31: EF | F31: 10 | G31: =INDEX(Simulator!$B$3:$B$10,B31)=C31 -> FALSE | H31: Q7->Q8: still tangled entering finale

Sheet Simulator
A1: Quarter | B1: Choice (A-D) | C1: Revenue Growth | D1: Cash | E1: Employee Experience | F1: Customer Experience | G1: Compliance | H1: Innovation | I1: Decision Velocity | J1: Enterprise Friction
A2: Baseline | C2: ='Legend & Baseline'!B13 -> 55 | D2: ='Legend & Baseline'!B14 -> 70 | E2: ='Legend & Baseline'!B15 -> 55 | F2: ='Legend & Baseline'!B16 -> 60 | G2: ='Legend & Baseline'!B17 -> 50 | H2: ='Legend & Baseline'!B18 -> 0 | I2: ='Legend & Baseline'!B19 -> 0 | J2: ='Legend & Baseline'!B20 -> 35
A3: 1 | B3: A | C3: =MAX(0,MIN(100,C2+SUMIFS('Choice Effects'!$C$2:$C$33,'Choice Effects'!$A$2:$A$33,$A3,'Choice Effects'!$B$2:$B$33,$B3)+SUMIFS('Delayed Effects'!$F$2:$F$31,'Delayed Effects'!$D$2:$D$31,$A3,'Delayed Effects'!$E$2:$E$31,"RG",'Delayed Effects'!$G$2:$G$31,TRUE()))) -> 55 | D3: =MAX(0,MIN(100,D2+SUMIFS('Choice Effects'!$D$2:$D$33,'Choice Effects'!$A$2:$A$33,$A3,'Choice Effects'!$B$2:$B$33,$B3)+SUMIFS('Delayed Effects'!$F$2:$F$31,'Delayed Effects'!$D$2:$D$31,$A3,'Delayed Effects'!$E$2:$E$31,"Cash",'Delayed Effects'!$G$2:$G$31,TRUE()))) -> 60 | E3: =MAX(0,MIN(100,E2+SUMIFS('Choice Effects'!$E$2:$E$33,'Choice Effects'!$A$2:$A$33,$A3,'Choice Effects'!$B$2:$B$33,$B3)+SUMIFS('Delayed Effects'!$F$2:$F$31,'Delayed Effects'!$D$2:$D$31,$A3,'Delayed Effects'!$E$2:$E$31,"EE",'Delayed Effects'!$G$2:$G$31,TRUE()))) -> 55 | F3: =MAX(0,MIN(100,F2+SUMIFS('Choice Effects'!$F$2:$F$33,'Choice Effects'!$A$2:$A$33,$A3,'Choice Effects'!$B$2:$B$33,$B3)+SUMIFS('Delayed Effects'!$F$2:$F$31,'Delayed Effects'!$D$2:$D$31,$A3,'Delayed Effects'!$E$2:$E$31,"CX",'Delayed Effects'!$G$2:$G$31,TRUE()))) -> 60 | G3: =MAX(0,MIN(100,G2+SUMIFS('Choice Effects'!$G$2:$G$33,'Choice Effects'!$A$2:$A$33,$A3,'Choice Effects'!$B$2:$B$33,$B3)+SUMIFS('Delayed Effects'!$F$2:$F$31,'Delayed Effects'!$D$2:$D$31,$A3,'Delayed Effects'!$E$2:$E$31,"Comp",'Delayed Effects'!$G$2:$G$31,TRUE()))) -> 50 | H3: =MAX(0,MIN(100,H2+SUMIFS('Choice Effects'!$H$2:$H$33,'Choice Effects'!$A$2:$A$33,$A3,'Choice Effects'!$B$2:$B$33,$B3)+SUMIFS('Delayed Effects'!$F$2:$F$31,'Delayed Effects'!$D$2:$D$31,$A3,'Delayed Effects'!$E$2:$E$31,"Innov",'Delayed Effects'!$G$2:$G$31,TRUE()))) -> 0 | I3: =MAX(0,MIN(100,I2+SUMIFS('Choice Effects'!$I$2:$I$33,'Choice Effects'!$A$2:$A$33,$A3,'Choice Effects'!$B$2:$B$33,$B3)+SUMIFS('Delayed Effects'!$F$2:$F$31,'Delayed Effects'!$D$2:$D$31,$A3,'Delayed Effects'!$E$2:$E$31,"DV",'Delayed Effects'!$G$2:$G$31,TRUE()))) -> 10 | J3: =MAX(0,MIN(100,J2+SUMIFS('Choice Effects'!$J$2:$J$33,'Choice Effects'!$A$2:$A$33,$A3,'Choice Effects'!$B$2:$B$33,$B3)+SUMIFS('Delayed Effects'!$F$2:$F$30,'Delayed Effects'!$D$2:$D$30,$A3,'Delayed Effects'!$E$2:$E$30,"EF",'Delayed Effects'!$G$2:$G$30,TRUE())+'Legend & Baseline'!$D$18)) -> 33
A4: 2 | B4: A | C4: =MAX(0,MIN(100,C3+SUMIFS('Choice Effects'!$C$2:$C$33,'Choice Effects'!$A$2:$A$33,$A4,'Choice Effects'!$B$2:$B$33,$B4)+SUMIFS('Delayed Effects'!$F$2:$F$31,'Delayed Effects'!$D$2:$D$31,$A4,'Delayed Effects'!$E$2:$E$31,"RG",'Delayed Effects'!$G$2:$G$31,TRUE()))) -> 65 | D4: =MAX(0,MIN(100,D3+SUMIFS('Choice Effects'!$D$2:$D$33,'Choice Effects'!$A$2:$A$33,$A4,'Choice Effects'!$B$2:$B$33,$B4)+SUMIFS('Delayed Effects'!$F$2:$F$31,'Delayed Effects'!$D$2:$D$31,$A4,'Delayed Effects'!$E$2:$E$31,"Cash",'Delayed Effects'!$G$2:$G$31,TRUE()))) -> 50 | E4: =MAX(0,MIN(100,E3+SUMIFS('Choice Effects'!$E$2:$E$33,'Choice Effects'!$A$2:$A$33,$A4,'Choice Effects'!$B$2:$B$33,$B4)+SUMIFS('Delayed Effects'!$F$2:$F$31,'Delayed Effects'!$D$2:$D$31,$A4,'Delayed Effects'!$E$2:$E$31,"EE",'Delayed Effects'!$G$2:$G$31,TRUE()))) -> 55 | F4: =MAX(0,MIN(100,F3+SUMIFS('Choice Effects'!$F$2:$F$33,'Choice Effects'!$A$2:$A$33,$A4,'Choice Effects'!$B$2:$B$33,$B4)+SUMIFS('Delayed Effects'!$F$2:$F$31,'Delayed Effects'!$D$2:$D$31,$A4,'Delayed Effects'!$E$2:$E$31,"CX",'Delayed Effects'!$G$2:$G$31,TRUE()))) -> 60 | G4: =MAX(0,MIN(100,G3+SUMIFS('Choice Effects'!$G$2:$G$33,'Choice Effects'!$A$2:$A$33,$A4,'Choice Effects'!$B$2:$B$33,$B4)+SUMIFS('Delayed Effects'!$F$2:$F$31,'Delayed Effects'!$D$2:$D$31,$A4,'Delayed Effects'!$E$2:$E$31,"Comp",'Delayed Effects'!$G$2:$G$31,TRUE()))) -> 65 | H4: =MAX(0,MIN(100,H3+SUMIFS('Choice Effects'!$H$2:$H$33,'Choice Effects'!$A$2:$A$33,$A4,'Choice Effects'!$B$2:$B$33,$B4)+SUMIFS('Delayed Effects'!$F$2:$F$31,'Delayed Effects'!$D$2:$D$31,$A4,'Delayed Effects'!$E$2:$E$31,"Innov",'Delayed Effects'!$G$2:$G$31,TRUE()))) -> 0 | I4: =MAX(0,MIN(100,I3+SUMIFS('Choice Effects'!$I$2:$I$33,'Choice Effects'!$A$2:$A$33,$A4,'Choice Effects'!$B$2:$B$33,$B4)+SUMIFS('Delayed Effects'!$F$2:$F$31,'Delayed Effects'!$D$2:$D$31,$A4,'Delayed Effects'!$E$2:$E$31,"DV",'Delayed Effects'!$G$2:$G$31,TRUE()))) -> 10 | J4: =MAX(0,MIN(100,J3+SUMIFS('Choice Effects'!$J$2:$J$33,'Choice Effects'!$A$2:$A$33,$A4,'Choice Effects'!$B$2:$B$33,$B4)+SUMIFS('Delayed Effects'!$F$2:$F$30,'Delayed Effects'!$D$2:$D$30,$A4,'Delayed Effects'!$E$2:$E$30,"EF",'Delayed Effects'!$G$2:$G$30,TRUE())+'Legend & Baseline'!$D$18)) -> 36
A5: 3 | B5: A | C5: =MAX(0,MIN(100,C4+SUMIFS('Choice Effects'!$C$2:$C$33,'Choice Effects'!$A$2:$A$33,$A5,'Choice Effects'!$B$2:$B$33,$B5)+SUMIFS('Delayed Effects'!$F$2:$F$31,'Delayed Effects'!$D$2:$D$31,$A5,'Delayed Effects'!$E$2:$E$31,"RG",'Delayed Effects'!$G$2:$G$31,TRUE()))) -> 80 | D5: =MAX(0,MIN(100,D4+SUMIFS('Choice Effects'!$D$2:$D$33,'Choice Effects'!$A$2:$A$33,$A5,'Choice Effects'!$B$2:$B$33,$B5)+SUMIFS('Delayed Effects'!$F$2:$F$31,'Delayed Effects'!$D$2:$D$31,$A5,'Delayed Effects'!$E$2:$E$31,"Cash",'Delayed Effects'!$G$2:$G$31,TRUE()))) -> 35 | E5: =MAX(0,MIN(100,E4+SUMIFS('Choice Effects'!$E$2:$E$33,'Choice Effects'!$A$2:$A$33,$A5,'Choice Effects'!$B$2:$B$33,$B5)+SUMIFS('Delayed Effects'!$F$2:$F$31,'Delayed Effects'!$D$2:$D$31,$A5,'Delayed Effects'!$E$2:$E$31,"EE",'Delayed Effects'!$G$2:$G$31,TRUE()))) -> 55 | F5: =MAX(0,MIN(100,F4+SUMIFS('Choice Effects'!$F$2:$F$33,'Choice Effects'!$A$2:$A$33,$A5,'Choice Effects'!$B$2:$B$33,$B5)+SUMIFS('Delayed Effects'!$F$2:$F$31,'Delayed Effects'!$D$2:$D$31,$A5,'Delayed Effects'!$E$2:$E$31,"CX",'Delayed Effects'!$G$2:$G$31,TRUE()))) -> 60 | G5: =MAX(0,MIN(100,G4+SUMIFS('Choice Effects'!$G$2:$G$33,'Choice Effects'!$A$2:$A$33,$A5,'Choice Effects'!$B$2:$B$33,$B5)+SUMIFS('Delayed Effects'!$F$2:$F$31,'Delayed Effects'!$D$2:$D$31,$A5,'Delayed Effects'!$E$2:$E$31,"Comp",'Delayed Effects'!$G$2:$G$31,TRUE()))) -> 65 | H5: =MAX(0,MIN(100,H4+SUMIFS('Choice Effects'!$H$2:$H$33,'Choice Effects'!$A$2:$A$33,$A5,'Choice Effects'!$B$2:$B$33,$B5)+SUMIFS('Delayed Effects'!$F$2:$F$31,'Delayed Effects'!$D$2:$D$31,$A5,'Delayed Effects'!$E$2:$E$31,"Innov",'Delayed Effects'!$G$2:$G$31,TRUE()))) -> 0 | I5: =MAX(0,MIN(100,I4+SUMIFS('Choice Effects'!$I$2:$I$33,'Choice Effects'!$A$2:$A$33,$A5,'Choice Effects'!$B$2:$B$33,$B5)+SUMIFS('Delayed Effects'!$F$2:$F$31,'Delayed Effects'!$D$2:$D$31,$A5,'Delayed Effects'!$E$2:$E$31,"DV",'Delayed Effects'!$G$2:$G$31,TRUE()))) -> 10 | J5: =MAX(0,MIN(100,J4+SUMIFS('Choice Effects'!$J$2:$J$33,'Choice Effects'!$A$2:$A$33,$A5,'Choice Effects'!$B$2:$B$33,$B5)+SUMIFS('Delayed Effects'!$F$2:$F$30,'Delayed Effects'!$D$2:$D$30,$A5,'Delayed Effects'!$E$2:$E$30,"EF",'Delayed Effects'!$G$2:$G$30,TRUE())+'Legend & Baseline'!$D$18)) -> 49
A6: 4 | B6: A | C6: =MAX(0,MIN(100,C5+SUMIFS('Choice Effects'!$C$2:$C$33,'Choice Effects'!$A$2:$A$33,$A6,'Choice Effects'!$B$2:$B$33,$B6)+SUMIFS('Delayed Effects'!$F$2:$F$31,'Delayed Effects'!$D$2:$D$31,$A6,'Delayed Effects'!$E$2:$E$31,"RG",'Delayed Effects'!$G$2:$G$31,TRUE()))) -> 80 | D6: =MAX(0,MIN(100,D5+SUMIFS('Choice Effects'!$D$2:$D$33,'Choice Effects'!$A$2:$A$33,$A6,'Choice Effects'!$B$2:$B$33,$B6)+SUMIFS('Delayed Effects'!$F$2:$F$31,'Delayed Effects'!$D$2:$D$31,$A6,'Delayed Effects'!$E$2:$E$31,"Cash",'Delayed Effects'!$G$2:$G$31,TRUE()))) -> 35 | E6: =MAX(0,MIN(100,E5+SUMIFS('Choice Effects'!$E$2:$E$33,'Choice Effects'!$A$2:$A$33,$A6,'Choice Effects'!$B$2:$B$33,$B6)+SUMIFS('Delayed Effects'!$F$2:$F$31,'Delayed Effects'!$D$2:$D$31,$A6,'Delayed Effects'!$E$2:$E$31,"EE",'Delayed Effects'!$G$2:$G$31,TRUE()))) -> 55 | F6: =MAX(0,MIN(100,F5+SUMIFS('Choice Effects'!$F$2:$F$33,'Choice Effects'!$A$2:$A$33,$A6,'Choice Effects'!$B$2:$B$33,$B6)+SUMIFS('Delayed Effects'!$F$2:$F$31,'Delayed Effects'!$D$2:$D$31,$A6,'Delayed Effects'!$E$2:$E$31,"CX",'Delayed Effects'!$G$2:$G$31,TRUE()))) -> 60 | G6: =MAX(0,MIN(100,G5+SUMIFS('Choice Effects'!$G$2:$G$33,'Choice Effects'!$A$2:$A$33,$A6,'Choice Effects'!$B$2:$B$33,$B6)+SUMIFS('Delayed Effects'!$F$2:$F$31,'Delayed Effects'!$D$2:$D$31,$A6,'Delayed Effects'!$E$2:$E$31,"Comp",'Delayed Effects'!$G$2:$G$31,TRUE()))) -> 75 | H6: =MAX(0,MIN(100,H5+SUMIFS('Choice Effects'!$H$2:$H$33,'Choice Effects'!$A$2:$A$33,$A6,'Choice Effects'!$B$2:$B$33,$B6)+SUMIFS('Delayed Effects'!$F$2:$F$31,'Delayed Effects'!$D$2:$D$31,$A6,'Delayed Effects'!$E$2:$E$31,"Innov",'Delayed Effects'!$G$2:$G$31,TRUE()))) -> 0 | I6: =MAX(0,MIN(100,I5+SUMIFS('Choice Effects'!$I$2:$I$33,'Choice Effects'!$A$2:$A$33,$A6,'Choice Effects'!$B$2:$B$33,$B6)+SUMIFS('Delayed Effects'!$F$2:$F$31,'Delayed Effects'!$D$2:$D$31,$A6,'Delayed Effects'!$E$2:$E$31,"DV",'Delayed Effects'!$G$2:$G$31,TRUE()))) -> 10 | J6: =MAX(0,MIN(100,J5+SUMIFS('Choice Effects'!$J$2:$J$33,'Choice Effects'!$A$2:$A$33,$A6,'Choice Effects'!$B$2:$B$33,$B6)+SUMIFS('Delayed Effects'!$F$2:$F$30,'Delayed Effects'!$D$2:$D$30,$A6,'Delayed Effects'!$E$2:$E$30,"EF",'Delayed Effects'!$G$2:$G$30,TRUE())+'Legend & Baseline'!$D$18)) -> 47
A7: 5 | B7: A | C7: =MAX(0,MIN(100,C6+SUMIFS('Choice Effects'!$C$2:$C$33,'Choice Effects'!$A$2:$A$33,$A7,'Choice Effects'!$B$2:$B$33,$B7)+SUMIFS('Delayed Effects'!$F$2:$F$31,'Delayed Effects'!$D$2:$D$31,$A7,'Delayed Effects'!$E$2:$E$31,"RG",'Delayed Effects'!$G$2:$G$31,TRUE()))) -> 85 | D7: =MAX(0,MIN(100,D6+SUMIFS('Choice Effects'!$D$2:$D$33,'Choice Effects'!$A$2:$A$33,$A7,'Choice Effects'!$B$2:$B$33,$B7)+SUMIFS('Delayed Effects'!$F$2:$F$31,'Delayed Effects'!$D$2:$D$31,$A7,'Delayed Effects'!$E$2:$E$31,"Cash",'Delayed Effects'!$G$2:$G$31,TRUE()))) -> 25 | E7: =MAX(0,MIN(100,E6+SUMIFS('Choice Effects'!$E$2:$E$33,'Choice Effects'!$A$2:$A$33,$A7,'Choice Effects'!$B$2:$B$33,$B7)+SUMIFS('Delayed Effects'!$F$2:$F$31,'Delayed Effects'!$D$2:$D$31,$A7,'Delayed Effects'!$E$2:$E$31,"EE",'Delayed Effects'!$G$2:$G$31,TRUE()))) -> 55 | F7: =MAX(0,MIN(100,F6+SUMIFS('Choice Effects'!$F$2:$F$33,'Choice Effects'!$A$2:$A$33,$A7,'Choice Effects'!$B$2:$B$33,$B7)+SUMIFS('Delayed Effects'!$F$2:$F$31,'Delayed Effects'!$D$2:$D$31,$A7,'Delayed Effects'!$E$2:$E$31,"CX",'Delayed Effects'!$G$2:$G$31,TRUE()))) -> 60 | G7: =MAX(0,MIN(100,G6+SUMIFS('Choice Effects'!$G$2:$G$33,'Choice Effects'!$A$2:$A$33,$A7,'Choice Effects'!$B$2:$B$33,$B7)+SUMIFS('Delayed Effects'!$F$2:$F$31,'Delayed Effects'!$D$2:$D$31,$A7,'Delayed Effects'!$E$2:$E$31,"Comp",'Delayed Effects'!$G$2:$G$31,TRUE()))) -> 100 | H7: =MAX(0,MIN(100,H6+SUMIFS('Choice Effects'!$H$2:$H$33,'Choice Effects'!$A$2:$A$33,$A7,'Choice Effects'!$B$2:$B$33,$B7)+SUMIFS('Delayed Effects'!$F$2:$F$31,'Delayed Effects'!$D$2:$D$31,$A7,'Delayed Effects'!$E$2:$E$31,"Innov",'Delayed Effects'!$G$2:$G$31,TRUE()))) -> 0 | I7: =MAX(0,MIN(100,I6+SUMIFS('Choice Effects'!$I$2:$I$33,'Choice Effects'!$A$2:$A$33,$A7,'Choice Effects'!$B$2:$B$33,$B7)+SUMIFS('Delayed Effects'!$F$2:$F$31,'Delayed Effects'!$D$2:$D$31,$A7,'Delayed Effects'!$E$2:$E$31,"DV",'Delayed Effects'!$G$2:$G$31,TRUE()))) -> 5 | J7: =MAX(0,MIN(100,J6+SUMIFS('Choice Effects'!$J$2:$J$33,'Choice Effects'!$A$2:$A$33,$A7,'Choice Effects'!$B$2:$B$33,$B7)+SUMIFS('Delayed Effects'!$F$2:$F$30,'Delayed Effects'!$D$2:$D$30,$A7,'Delayed Effects'!$E$2:$E$30,"EF",'Delayed Effects'!$G$2:$G$30,TRUE())+'Legend & Baseline'!$D$18)) -> 45
A8: 6 | B8: A | C8: =MAX(0,MIN(100,C7+SUMIFS('Choice Effects'!$C$2:$C$33,'Choice Effects'!$A$2:$A$33,$A8,'Choice Effects'!$B$2:$B$33,$B8)+SUMIFS('Delayed Effects'!$F$2:$F$31,'Delayed Effects'!$D$2:$D$31,$A8,'Delayed Effects'!$E$2:$E$31,"RG",'Delayed Effects'!$G$2:$G$31,TRUE()))) -> 85 | D8: =MAX(0,MIN(100,D7+SUMIFS('Choice Effects'!$D$2:$D$33,'Choice Effects'!$A$2:$A$33,$A8,'Choice Effects'!$B$2:$B$33,$B8)+SUMIFS('Delayed Effects'!$F$2:$F$31,'Delayed Effects'!$D$2:$D$31,$A8,'Delayed Effects'!$E$2:$E$31,"Cash",'Delayed Effects'!$G$2:$G$31,TRUE()))) -> 25 | E8: =MAX(0,MIN(100,E7+SUMIFS('Choice Effects'!$E$2:$E$33,'Choice Effects'!$A$2:$A$33,$A8,'Choice Effects'!$B$2:$B$33,$B8)+SUMIFS('Delayed Effects'!$F$2:$F$31,'Delayed Effects'!$D$2:$D$31,$A8,'Delayed Effects'!$E$2:$E$31,"EE",'Delayed Effects'!$G$2:$G$31,TRUE()))) -> 55 | F8: =MAX(0,MIN(100,F7+SUMIFS('Choice Effects'!$F$2:$F$33,'Choice Effects'!$A$2:$A$33,$A8,'Choice Effects'!$B$2:$B$33,$B8)+SUMIFS('Delayed Effects'!$F$2:$F$31,'Delayed Effects'!$D$2:$D$31,$A8,'Delayed Effects'!$E$2:$E$31,"CX",'Delayed Effects'!$G$2:$G$31,TRUE()))) -> 60 | G8: =MAX(0,MIN(100,G7+SUMIFS('Choice Effects'!$G$2:$G$33,'Choice Effects'!$A$2:$A$33,$A8,'Choice Effects'!$B$2:$B$33,$B8)+SUMIFS('Delayed Effects'!$F$2:$F$31,'Delayed Effects'!$D$2:$D$31,$A8,'Delayed Effects'!$E$2:$E$31,"Comp",'Delayed Effects'!$G$2:$G$31,TRUE()))) -> 100 | H8: =MAX(0,MIN(100,H7+SUMIFS('Choice Effects'!$H$2:$H$33,'Choice Effects'!$A$2:$A$33,$A8,'Choice Effects'!$B$2:$B$33,$B8)+SUMIFS('Delayed Effects'!$F$2:$F$31,'Delayed Effects'!$D$2:$D$31,$A8,'Delayed Effects'!$E$2:$E$31,"Innov",'Delayed Effects'!$G$2:$G$31,TRUE()))) -> 0 | I8: =MAX(0,MIN(100,I7+SUMIFS('Choice Effects'!$I$2:$I$33,'Choice Effects'!$A$2:$A$33,$A8,'Choice Effects'!$B$2:$B$33,$B8)+SUMIFS('Delayed Effects'!$F$2:$F$31,'Delayed Effects'!$D$2:$D$31,$A8,'Delayed Effects'!$E$2:$E$31,"DV",'Delayed Effects'!$G$2:$G$31,TRUE()))) -> 5 | J8: =MAX(0,MIN(100,J7+SUMIFS('Choice Effects'!$J$2:$J$33,'Choice Effects'!$A$2:$A$33,$A8,'Choice Effects'!$B$2:$B$33,$B8)+SUMIFS('Delayed Effects'!$F$2:$F$30,'Delayed Effects'!$D$2:$D$30,$A8,'Delayed Effects'!$E$2:$E$30,"EF",'Delayed Effects'!$G$2:$G$30,TRUE())+'Legend & Baseline'!$D$18)) -> 38
A9: 7 | B9: A | C9: =MAX(0,MIN(100,C8+SUMIFS('Choice Effects'!$C$2:$C$33,'Choice Effects'!$A$2:$A$33,$A9,'Choice Effects'!$B$2:$B$33,$B9)+SUMIFS('Delayed Effects'!$F$2:$F$31,'Delayed Effects'!$D$2:$D$31,$A9,'Delayed Effects'!$E$2:$E$31,"RG",'Delayed Effects'!$G$2:$G$31,TRUE()))) -> 95 | D9: =MAX(0,MIN(100,D8+SUMIFS('Choice Effects'!$D$2:$D$33,'Choice Effects'!$A$2:$A$33,$A9,'Choice Effects'!$B$2:$B$33,$B9)+SUMIFS('Delayed Effects'!$F$2:$F$31,'Delayed Effects'!$D$2:$D$31,$A9,'Delayed Effects'!$E$2:$E$31,"Cash",'Delayed Effects'!$G$2:$G$31,TRUE()))) -> 10 | E9: =MAX(0,MIN(100,E8+SUMIFS('Choice Effects'!$E$2:$E$33,'Choice Effects'!$A$2:$A$33,$A9,'Choice Effects'!$B$2:$B$33,$B9)+SUMIFS('Delayed Effects'!$F$2:$F$31,'Delayed Effects'!$D$2:$D$31,$A9,'Delayed Effects'!$E$2:$E$31,"EE",'Delayed Effects'!$G$2:$G$31,TRUE()))) -> 45 | F9: =MAX(0,MIN(100,F8+SUMIFS('Choice Effects'!$F$2:$F$33,'Choice Effects'!$A$2:$A$33,$A9,'Choice Effects'!$B$2:$B$33,$B9)+SUMIFS('Delayed Effects'!$F$2:$F$31,'Delayed Effects'!$D$2:$D$31,$A9,'Delayed Effects'!$E$2:$E$31,"CX",'Delayed Effects'!$G$2:$G$31,TRUE()))) -> 60 | G9: =MAX(0,MIN(100,G8+SUMIFS('Choice Effects'!$G$2:$G$33,'Choice Effects'!$A$2:$A$33,$A9,'Choice Effects'!$B$2:$B$33,$B9)+SUMIFS('Delayed Effects'!$F$2:$F$31,'Delayed Effects'!$D$2:$D$31,$A9,'Delayed Effects'!$E$2:$E$31,"Comp",'Delayed Effects'!$G$2:$G$31,TRUE()))) -> 100 | H9: =MAX(0,MIN(100,H8+SUMIFS('Choice Effects'!$H$2:$H$33,'Choice Effects'!$A$2:$A$33,$A9,'Choice Effects'!$B$2:$B$33,$B9)+SUMIFS('Delayed Effects'!$F$2:$F$31,'Delayed Effects'!$D$2:$D$31,$A9,'Delayed Effects'!$E$2:$E$31,"Innov",'Delayed Effects'!$G$2:$G$31,TRUE()))) -> 0 | I9: =MAX(0,MIN(100,I8+SUMIFS('Choice Effects'!$I$2:$I$33,'Choice Effects'!$A$2:$A$33,$A9,'Choice Effects'!$B$2:$B$33,$B9)+SUMIFS('Delayed Effects'!$F$2:$F$31,'Delayed Effects'!$D$2:$D$31,$A9,'Delayed Effects'!$E$2:$E$31,"DV",'Delayed Effects'!$G$2:$G$31,TRUE()))) -> 20 | J9: =MAX(0,MIN(100,J8+SUMIFS('Choice Effects'!$J$2:$J$33,'Choice Effects'!$A$2:$A$33,$A9,'Choice Effects'!$B$2:$B$33,$B9)+SUMIFS('Delayed Effects'!$F$2:$F$30,'Delayed Effects'!$D$2:$D$30,$A9,'Delayed Effects'!$E$2:$E$30,"EF",'Delayed Effects'!$G$2:$G$30,TRUE())+'Legend & Baseline'!$D$18)) -> 21
A10: 8 | B10: A | C10: =MAX(0,MIN(100,C9+SUMIFS('Choice Effects'!$C$2:$C$33,'Choice Effects'!$A$2:$A$33,$A10,'Choice Effects'!$B$2:$B$33,$B10)+SUMIFS('Delayed Effects'!$F$2:$F$31,'Delayed Effects'!$D$2:$D$31,$A10,'Delayed Effects'!$E$2:$E$31,"RG",'Delayed Effects'!$G$2:$G$31,TRUE()))) -> 95 | D10: =MAX(0,MIN(100,D9+SUMIFS('Choice Effects'!$D$2:$D$33,'Choice Effects'!$A$2:$A$33,$A10,'Choice Effects'!$B$2:$B$33,$B10)+SUMIFS('Delayed Effects'!$F$2:$F$31,'Delayed Effects'!$D$2:$D$31,$A10,'Delayed Effects'!$E$2:$E$31,"Cash",'Delayed Effects'!$G$2:$G$31,TRUE()))) -> 0 | E10: =MAX(0,MIN(100,E9+SUMIFS('Choice Effects'!$E$2:$E$33,'Choice Effects'!$A$2:$A$33,$A10,'Choice Effects'!$B$2:$B$33,$B10)+SUMIFS('Delayed Effects'!$F$2:$F$31,'Delayed Effects'!$D$2:$D$31,$A10,'Delayed Effects'!$E$2:$E$31,"EE",'Delayed Effects'!$G$2:$G$31,TRUE()))) -> 45 | F10: =MAX(0,MIN(100,F9+SUMIFS('Choice Effects'!$F$2:$F$33,'Choice Effects'!$A$2:$A$33,$A10,'Choice Effects'!$B$2:$B$33,$B10)+SUMIFS('Delayed Effects'!$F$2:$F$31,'Delayed Effects'!$D$2:$D$31,$A10,'Delayed Effects'!$E$2:$E$31,"CX",'Delayed Effects'!$G$2:$G$31,TRUE()))) -> 75 | G10: =MAX(0,MIN(100,G9+SUMIFS('Choice Effects'!$G$2:$G$33,'Choice Effects'!$A$2:$A$33,$A10,'Choice Effects'!$B$2:$B$33,$B10)+SUMIFS('Delayed Effects'!$F$2:$F$31,'Delayed Effects'!$D$2:$D$31,$A10,'Delayed Effects'!$E$2:$E$31,"Comp",'Delayed Effects'!$G$2:$G$31,TRUE()))) -> 100 | H10: =MAX(0,MIN(100,H9+SUMIFS('Choice Effects'!$H$2:$H$33,'Choice Effects'!$A$2:$A$33,$A10,'Choice Effects'!$B$2:$B$33,$B10)+SUMIFS('Delayed Effects'!$F$2:$F$31,'Delayed Effects'!$D$2:$D$31,$A10,'Delayed Effects'!$E$2:$E$31,"Innov",'Delayed Effects'!$G$2:$G$31,TRUE()))) -> 0 | I10: =MAX(0,MIN(100,I9+SUMIFS('Choice Effects'!$I$2:$I$33,'Choice Effects'!$A$2:$A$33,$A10,'Choice Effects'!$B$2:$B$33,$B10)+SUMIFS('Delayed Effects'!$F$2:$F$31,'Delayed Effects'!$D$2:$D$31,$A10,'Delayed Effects'!$E$2:$E$31,"DV",'Delayed Effects'!$G$2:$G$31,TRUE()))) -> 25 | J10: =MAX(0,MIN(100,J9+SUMIFS('Choice Effects'!$J$2:$J$33,'Choice Effects'!$A$2:$A$33,$A10,'Choice Effects'!$B$2:$B$33,$B10)+SUMIFS('Delayed Effects'!$F$2:$F$30,'Delayed Effects'!$D$2:$D$30,$A10,'Delayed Effects'!$E$2:$E$30,"EF",'Delayed Effects'!$G$2:$G$30,TRUE())+'Legend & Baseline'!$D$18)) -> 14
A12: Net change (Q8 vs baseline) | C12: =C10-C2 -> 40 | D12: =D10-D2 -> -70 | E12: =E10-E2 -> -10 | F12: =F10-F2 -> 15 | G12: =G10-G2 -> 50 | H12: =H10-H2 -> 0 | I12: =I10-I2 -> 25 | J12: =J10-J2 -> -21
A14: Edit the blue Choice cells (B3:B10) with any letter A-D to test a full playthrough.

Sheet Tie-Break Priority
A1: Tie-break priority chain (used only when a vote doesn't converge to a plurality)
A3: Priority order (highest to lowest):
A4: 1. Enterprise Friction (lowest delta wins) 2. Cash (highest) 3. Revenue Growth (highest) 4. Customer Experience (highest) 5. Decision Velocity (highest) 6. Innovation (highest) 7. Compliance (highest) 8. Employee Experience (highest) 9. First-listed option (A>B>C>D) as absolute last resort
A6: Quarter | B6: 1st | C6: 2nd | D6: 3rd | E6: 4th
A7: 1 | B7: =INDEX('Choice Effects'!$B$2:$B$5,MATCH(LARGE('Choice Effects'!$K$2:$K$5,1),'Choice Effects'!$K$2:$K$5,0)) -> C | C7: =INDEX('Choice Effects'!$B$2:$B$5,MATCH(LARGE('Choice Effects'!$K$2:$K$5,2),'Choice Effects'!$K$2:$K$5,0)) -> A | D7: =INDEX('Choice Effects'!$B$2:$B$5,MATCH(LARGE('Choice Effects'!$K$2:$K$5,3),'Choice Effects'!$K$2:$K$5,0)) -> B | E7: =INDEX('Choice Effects'!$B$2:$B$5,MATCH(LARGE('Choice Effects'!$K$2:$K$5,4),'Choice Effects'!$K$2:$K$5,0)) -> D
A8: 2 | B8: =INDEX('Choice Effects'!$B$6:$B$9,MATCH(LARGE('Choice Effects'!$K$6:$K$9,1),'Choice Effects'!$K$6:$K$9,0)) -> D | C8: =INDEX('Choice Effects'!$B$6:$B$9,MATCH(LARGE('Choice Effects'!$K$6:$K$9,2),'Choice Effects'!$K$6:$K$9,0)) -> C | D8: =INDEX('Choice Effects'!$B$6:$B$9,MATCH(LARGE('Choice Effects'!$K$6:$K$9,3),'Choice Effects'!$K$6:$K$9,0)) -> B | E8: =INDEX('Choice Effects'!$B$6:$B$9,MATCH(LARGE('Choice Effects'!$K$6:$K$9,4),'Choice Effects'!$K$6:$K$9,0)) -> A
A9: 3 | B9: =INDEX('Choice Effects'!$B$10:$B$13,MATCH(LARGE('Choice Effects'!$K$10:$K$13,1),'Choice Effects'!$K$10:$K$13,0)) -> D | C9: =INDEX('Choice Effects'!$B$10:$B$13,MATCH(LARGE('Choice Effects'!$K$10:$K$13,2),'Choice Effects'!$K$10:$K$13,0)) -> B | D9: =INDEX('Choice Effects'!$B$10:$B$13,MATCH(LARGE('Choice Effects'!$K$10:$K$13,3),'Choice Effects'!$K$10:$K$13,0)) -> C | E9: =INDEX('Choice Effects'!$B$10:$B$13,MATCH(LARGE('Choice Effects'!$K$10:$K$13,4),'Choice Effects'!$K$10:$K$13,0)) -> A
A10: 4 | B10: =INDEX('Choice Effects'!$B$14:$B$17,MATCH(LARGE('Choice Effects'!$K$14:$K$17,1),'Choice Effects'!$K$14:$K$17,0)) -> A | C10: =INDEX('Choice Effects'!$B$14:$B$17,MATCH(LARGE('Choice Effects'!$K$14:$K$17,2),'Choice Effects'!$K$14:$K$17,0)) -> C | D10: =INDEX('Choice Effects'!$B$14:$B$17,MATCH(LARGE('Choice Effects'!$K$14:$K$17,3),'Choice Effects'!$K$14:$K$17,0)) -> B | E10: =INDEX('Choice Effects'!$B$14:$B$17,MATCH(LARGE('Choice Effects'!$K$14:$K$17,4),'Choice Effects'!$K$14:$K$17,0)) -> D
A11: 5 | B11: =INDEX('Choice Effects'!$B$18:$B$21,MATCH(LARGE('Choice Effects'!$K$18:$K$21,1),'Choice Effects'!$K$18:$K$21,0)) -> A | C11: =INDEX('Choice Effects'!$B$18:$B$21,MATCH(LARGE('Choice Effects'!$K$18:$K$21,2),'Choice Effects'!$K$18:$K$21,0)) -> C | D11: =INDEX('Choice Effects'!$B$18:$B$21,MATCH(LARGE('Choice Effects'!$K$18:$K$21,3),'Choice Effects'!$K$18:$K$21,0)) -> D | E11: =INDEX('Choice Effects'!$B$18:$B$21,MATCH(LARGE('Choice Effects'!$K$18:$K$21,4),'Choice Effects'!$K$18:$K$21,0)) -> B
A12: 6 | B12: =INDEX('Choice Effects'!$B$22:$B$25,MATCH(LARGE('Choice Effects'!$K$22:$K$25,1),'Choice Effects'!$K$22:$K$25,0)) -> D | C12: =INDEX('Choice Effects'!$B$22:$B$25,MATCH(LARGE('Choice Effects'!$K$22:$K$25,2),'Choice Effects'!$K$22:$K$25,0)) -> A | D12: =INDEX('Choice Effects'!$B$22:$B$25,MATCH(LARGE('Choice Effects'!$K$22:$K$25,3),'Choice Effects'!$K$22:$K$25,0)) -> B | E12: =INDEX('Choice Effects'!$B$22:$B$25,MATCH(LARGE('Choice Effects'!$K$22:$K$25,4),'Choice Effects'!$K$22:$K$25,0)) -> C
A13: 7 | B13: =INDEX('Choice Effects'!$B$26:$B$29,MATCH(LARGE('Choice Effects'!$K$26:$K$29,1),'Choice Effects'!$K$26:$K$29,0)) -> A | C13: =INDEX('Choice Effects'!$B$26:$B$29,MATCH(LARGE('Choice Effects'!$K$26:$K$29,2),'Choice Effects'!$K$26:$K$29,0)) -> C | D13: =INDEX('Choice Effects'!$B$26:$B$29,MATCH(LARGE('Choice Effects'!$K$26:$K$29,3),'Choice Effects'!$K$26:$K$29,0)) -> D | E13: =INDEX('Choice Effects'!$B$26:$B$29,MATCH(LARGE('Choice Effects'!$K$26:$K$29,4),'Choice Effects'!$K$26:$K$29,0)) -> B
A14: 8 | B14: =INDEX('Choice Effects'!$B$30:$B$33,MATCH(LARGE('Choice Effects'!$K$30:$K$33,1),'Choice Effects'!$K$30:$K$33,0)) -> C | C14: =INDEX('Choice Effects'!$B$30:$B$33,MATCH(LARGE('Choice Effects'!$K$30:$K$33,2),'Choice Effects'!$K$30:$K$33,0)) -> D | D14: =INDEX('Choice Effects'!$B$30:$B$33,MATCH(LARGE('Choice Effects'!$K$30:$K$33,3),'Choice Effects'!$K$30:$K$33,0)) -> B | E14: =INDEX('Choice Effects'!$B$30:$B$33,MATCH(LARGE('Choice Effects'!$K$30:$K$33,4),'Choice Effects'!$K$30:$K$33,0)) -> A
